"CTDesign","DiffGroupAbsValue","AllocationRatio","AggregationMethod","Title","Precondition","PvalueDiff","Journal","NumberAffected","Drug","RelativeChangeValue","DoseValue","PValueChangeValue","Country","PublicationYear","Author","SdDevBL","SdDevChangeValue","SdDevResValue","PMID","ConfIntervalDiff","FinalNumPatientsArm","AvgAge","NumberPatientsCT","PercentageAffected","ConfIntervalChangeValue","ConclusionComment","ResultMeasuredValue","Frequency","DoseDescription","TimePoint","SubGroupDescription","ObjectiveDescription","MinAge","NumberPatientsArm","ObservedResult","<SPC>"
"0","0.6946107784431138","1","1","0.9752973467520585","0.5982721382289418","0.8772563176895306","0.976","0","1","1","0.625","0.2702702702702703","0","0.9302325581395349","0.9857819905213271","0.05714285714285715","0","0.26229508196721313","1","0.838150289017341","1","0","0.8125000000000001","0.9304347826086956","0.33333333333333337","0.9166666666666667","0.6","0.6835443037974683","0.13157894736842107","0.6000000000000001","0","0.8947368421052632","0","0.7692307692307693","0.2573529411764706","1"
"0","0.6242774566473988","1","1","0.9610136452241714","0.5086306098964326","0.8597785977859778","0.9508196721311476","0","1","1","0.6122448979591837","0.13513513513513514","0","0.9090909090909091","0.9841772151898733","0","0.5660377358490566","0.34782608695652173","1","0.7596899224806202","1","0.3","0.8571428571428571","0.9451476793248945","0","0.8931899641577061","0.6357615894039735","0.6133333333333334","0.10666666666666667","0.6153846153846153","0","0.8996923076923076","0","0.8205128205128205","0.2426778242677824","1"
"0","0.654320987654321","1","1","0.9512419503219872","0.5095828635851183","0.8620037807183365","0.9841269841269841","0","1","1","0.5957446808510638","0.2564102564102564","0","0.888888888888889","0.9512195121951219","0.5106382978723404","0","0.125","1","0.8021390374331551","1","0.5217391304347825","0.8750000000000001","0.9743589743589743","0.5238095238095238","0.9270620313565099","0.6075949367088608","0.6027397260273972","0.10666666666666667","0.7837837837837838","0","0.8997524752475248","0","0.7894736842105263","0.24221453287197234","1"